pg_no,model_option_key,model_name,storage_option_key,color_option_key,sale_grade_option_key,inventory_status,location,stocked_at
KD8318560219,SM-S911N,Galaxy S23,256GB,그린,A,SELLABLE,시연 재고 A-01,2026-10-07T00:10:00.000Z
ZL0744296385,SM-S916N,Galaxy S23+,256GB,그린,A-,RESERVED,출고 흐름,2026-10-07T00:20:00.000Z
SE2093140095,SM-S918N,Galaxy S23 Ultra,256GB,팬텀 블랙,B+,PACKING,출고 흐름,2026-10-07T00:30:00.000Z
OT3395826124,SM-S921N,Galaxy S24,256GB,오닉스 블랙,B,PACKED,출고 흐름,2026-10-07T00:40:00.000Z
RQ1963800877,SM-S926N,Galaxy S24+,256GB,오닉스 블랙,A,DEPARTURE,출고 흐름,2026-10-07T00:50:00.000Z
ZI1491815210,SM-S928N,Galaxy S24 Ultra,256GB,티타늄 그레이,A-,DELIVERING,출고 흐름,2026-10-07T01:00:00.000Z
FF7870430688,SM-S931N,Galaxy S25,256GB,네이비,B+,FINAL_DELIVERY,출고 흐름,2026-10-07T01:10:00.000Z
TL5398230346,SM-S936N,Galaxy S25+,256GB,민트,B,NONE_TRACKING,출고 흐름,2026-10-07T01:20:00.000Z
CG4042939287,SM-S938N,Galaxy S25 Ultra,256GB,티타늄 블랙,A,HOLD,검수 구역,2026-10-07T01:30:00.000Z
VX3531240687,SM-S711N,Galaxy S23 FE,256GB,퍼플,A-,DEFECTIVE,검수 구역,2026-10-07T01:40:00.000Z
TJ2955123053,SM-S721N,Galaxy S24 FE,256GB,그레이,B+,RETURN_REQUESTED,반품 대기,2026-10-07T01:50:00.000Z
RT7577297507,SM-F731N,Galaxy Z Flip5,256GB,그레이,B,EXCHANGE_REQUESTED,반품 대기,2026-10-07T02:00:00.000Z
RI3431690763,SM-F741N,Galaxy Z Flip6,256GB,민트,A,RETURN_CHECK,검수 구역,2026-10-07T02:10:00.000Z
NM1723122546,SM-F766N,Galaxy Z Flip7,256GB,민트,A-,SELLABLE,시연 재고 A-03,2026-10-07T02:20:00.000Z
IZ4621331095,SM-F946N,Galaxy Z Fold5,256GB,그레이,B+,RESERVED,출고 흐름,2026-10-07T02:30:00.000Z
KF3015338974,SM-F956N,Galaxy Z Fold6,256GB,화이트,B,PACKING,출고 흐름,2026-10-07T02:40:00.000Z
KR8808722327,SM-A256N,Galaxy A25,128GB,블루,A,PACKED,출고 흐름,2026-10-07T02:50:00.000Z
GV2862161053,SM-A346N,Galaxy A34,128GB,어썸 그라파이트,A-,DEPARTURE,출고 흐름,2026-10-07T03:00:00.000Z
MF6716147902,SM-A235N,Galaxy A23,128GB,블랙,B+,DELIVERING,출고 흐름,2026-10-07T03:10:00.000Z
DX0675654074,SM-A356N,Galaxy A35,128GB,어썸 네이비,B,FINAL_DELIVERY,출고 흐름,2026-10-07T03:20:00.000Z
YG2059045282,SM-A556N,Galaxy A55,128GB,어썸 네이비,A,NONE_TRACKING,출고 흐름,2026-10-07T03:30:00.000Z
HE0568901333,SM-A245N,Galaxy A24,128GB,블랙,A-,HOLD,검수 구역,2026-10-07T03:40:00.000Z
MI0892151227,SM-A556S,Galaxy Quantum5,128GB,어썸 네이비,B+,DEFECTIVE,검수 구역,2026-10-07T03:50:00.000Z
JF7590806402,SM-A566S,Galaxy Quantum6,128GB,어썸 그라파이트,B,RETURN_REQUESTED,반품 대기,2026-10-07T04:00:00.000Z
VX2432728636,SM-A236L,Galaxy Buddy2,128GB,라이트 블루,A,EXCHANGE_REQUESTED,반품 대기,2026-10-07T04:10:00.000Z
MT6498239528,SM-E426S,Galaxy Wide5,128GB,화이트,A-,RETURN_CHECK,검수 구역,2026-10-07T04:20:00.000Z
CN4297920657,SM-A136S,Galaxy Wide6,128GB,블랙,B+,SELLABLE,시연 재고 A-05,2026-10-07T04:30:00.000Z
NB9632553412,SM-M156S,Galaxy Wide7,128GB,그레이,B,RESERVED,출고 흐름,2026-10-07T04:40:00.000Z
NT6519277218,SM-M446K,Galaxy Jump3,128GB,블랙,A,PACKING,출고 흐름,2026-10-07T04:50:00.000Z
EX6457048532,SM-M366K,Galaxy Jump4,128GB,블랙,A-,PACKED,출고 흐름,2026-10-07T05:00:00.000Z
IV1193057160,SM-S928N,Galaxy S24 Ultra,256GB,티타늄 그레이,A,SELLABLE,시연 재고 A-06,2026-10-07T05:10:00.000Z
GK7368225886,SM-S928N,Galaxy S24 Ultra,256GB,티타늄 그레이,A,SELLABLE,시연 재고 A-06,2026-10-07T05:20:00.000Z
QC4032924448,SM-S928N,Galaxy S24 Ultra,256GB,티타늄 그레이,A,SELLABLE,시연 재고 A-06,2026-10-07T05:30:00.000Z
ZW6005737495,SM-S918N,Galaxy S23 Ultra,256GB,팬텀 블랙,A,SELLABLE,시연 재고 A-06,2026-10-07T05:40:00.000Z
VF5221005790,SM-S918N,Galaxy S23 Ultra,256GB,팬텀 블랙,A,SELLABLE,시연 재고 A-06,2026-10-07T05:50:00.000Z
EC6384316323,SM-S918N,Galaxy S23 Ultra,256GB,팬텀 블랙,A,SELLABLE,시연 재고 A-06,2026-10-07T06:00:00.000Z
VO4589896242,SM-F741N,Galaxy Z Flip6,256GB,민트,A-,SELLABLE,시연 재고 A-07,2026-10-07T06:10:00.000Z
AL4460586548,SM-F741N,Galaxy Z Flip6,256GB,민트,A-,SELLABLE,시연 재고 A-07,2026-10-07T06:20:00.000Z
HO1199960381,SM-F741N,Galaxy Z Flip6,256GB,민트,A-,SELLABLE,시연 재고 A-07,2026-10-07T06:30:00.000Z
SK7534636948,SM-S931N,Galaxy S25,256GB,네이비,A,SELLABLE,시연 재고 A-07,2026-10-07T06:40:00.000Z
ZJ1831146896,SM-S931N,Galaxy S25,256GB,네이비,A,SELLABLE,시연 재고 A-07,2026-10-07T06:50:00.000Z
KK5546096922,SM-S931N,Galaxy S25,256GB,네이비,A,SELLABLE,시연 재고 A-07,2026-10-07T07:00:00.000Z
JW9458039629,SM-S931N,Galaxy S25,256GB,네이비,A,SELLABLE,시연 재고 A-08,2026-10-07T07:10:00.000Z
